Caption,IP_Address,AssetTag,City,Comments,Department,Mail_to_ISP,Mail_to_ISP_CC,Qos,Service,SysLocation,SHA1(AssetTag|City|Comments|Department|Mail_to_ISP|Mail_to_ISP_CC|Qos|Service|SysLocation)
ULN_SHD_18hor_BoldTowerGeology,10.8.90.19,11-T-18-00009,,MCN-DISTRIBUTION,11-T-18-00009,,,,,,6411B4D7465BE5958F3FEEC4FF1CFFD11749E999
ULN_HUD_1hor_Hivs,10.8.90.18,11-T-17-00011,,MCN-DISTRIBUTION,11-T-17-00011,,,,,,F48B4ECA3FB5A02C2751DBE313520985FC6374E0
Tedy_8EA,10.8.90.17,11-T-15-00011,,MCN-DISTRIBUTION,11-T-15-00011,,,,,,F3740423647F11F75D4FC049E246056319A1ABB5
ULN_BGD_19hor_62Bair,10.8.90.16,11-T-16-00004,,MCN-DISTRIBUTION,11-T-16-00004,,,,,,9C5208E9168F94E24056A925AB6115D6017B3DFF
ULN_BGD_5hor_TehnikImport,10.8.90.15,11-T-16-00009,,MCN-DISTRIBUTION,11-T-16-00009,,,,,,F7F51BCC95425E6FBD886328F21162A81A177E57
TUV_Erdene_MW3k(8EA),10.8.90.14,11-T-41-00032,,MCN-DISTRIBUTION,11-T-41-00032,,,,,,5578B618BCC54589F657156B19550DD12A377588
TUV_MTC_8EA,10.8.90.13,11-T-41-00010,,MCN-DISTRIBUTION,11-T-41-00010,,,,,,0C68875CA58757FF0D2D20F8C1411B9ECC4F23C9
MW1K_8EA,10.8.90.12,11-T-41-00020,,MCN-DISTRIBUTION,11-T-41-00020,,,,,,7B43C12776D268E90B5C61736FD1F58FBADCBDD5
ULN_SBD_1hor_DBBuilding,10.8.90.11,11-T-14-00077,,MCN-DISTRIBUTION,11-T-14-00077,,,,,,FB3E1DDBFA53B3DB6FAAE551CAC58BCF9D5CF855
ULN_BZD_13hor_FizikTehnikHureelen,10.8.90.10,11-T-13-00010,,MCN-DISTRIBUTION,11-T-13-00010,,,,,,3941813D813D973E8A9912B9613D7772465694D4
ULN_SBD_11hor_AmperHouse,10.8.90.9,11-T-14-00211,,MCN-DISTRIBUTION,11-T-14-00211,,,,,,37DC598B01C9561915827F2061C6E05EA4123D45
ULN_BZD_1hor_SEZDS_8EA,10.8.90.8,11-T-13-00025,,MCN-DISTRIBUTION,11-T-13-00025,,,,,,BFFA5293B068B888CDEBF81880082CF552A8011C
ULN_BZD_4hor_ATS45,10.8.90.7,11-T-13-00003,,MCN-DISTRIBUTION,11-T-13-00003,,,,,,81E5C1180B1C6DFF1C7CACB50DF3A15A6F34DC35
ULN_BZD_18hor_13horoolol_3undur_8EA,10.8.90.6,11-T-13-00001,,MCN-DISTRIBUTION,11-T-13-00001,,,,,,9496362C5EA82B35848048E085E7FC2095B2FC52
TCB#2-2_9000-8EA,10.8.90.4,11-T-17-00108,,MCN_CORE,11-T-17-00108,,,,,,5F1BB19C9E560B98DD9C64B758C4D54B97555A46
TCB#2-1_9000-18EA,10.8.90.3,11-T-17-00108,,MCN_CORE,11-T-17-00108,,,,,,5F1BB19C9E560B98DD9C64B758C4D54B97555A46
TCB#1-2_9000-18EA,10.8.90.2,11-T-15-00065,,MCN_CORE,11-T-15-00065,,,,,,5D1B8A16FE42D1A8B136F2C6BE9E034076C85CCD
TCB#1-1_9000-18EA,10.8.90.1,11-T-15-00065,,MCN_CORE,11-T-15-00065,,,,,,5D1B8A16FE42D1A8B136F2C6BE9E034076C85CCD
ULN_SBD_Hailaast6Buudal,10.8.90.5,11-T-14-00009,,MCN-DISTRIBUTION,11-T-14-00009,,,,,,A321584661BFAD99D0D2416B259454492EC02C0B
ULN_SBD_8Zovhis,10.150.1.28,11-T-14-00006,,UB_ACCESS,11-T-14-00006,,,,,,39CE99A97A71B58BC54007BE63D93DA0396C3A4A
ULN_HUD_11hor_Dunjingarav45Bair,10.150.18.22,11-T-17-00048,,UB_ACCESS,11-T-17-00048,,,,,,05954B37DCC3CF2724E5FFFC22FDE39FD9DE25B8
ULN_HUD_1hor_GoldenBuddha_indoor,10.150.18.24,11-T-17-00174,,UB_ACCESS,11-T-17-00174,,,,,,D28C55E98F72432EC23346CE891DEF91D589EE8D
ULN_HUD_11hor_Zaisan104Bair,10.150.18.21,11-T-17-00190,,UB_ACCESS,11-T-17-00190,,,,,,3005068992837DF7C5ABE4965ACC2333A2EBD775
ULN_HUD_ZaisanGmobile,10.150.18.23,11-T-17-00053,,UB_ACCESS,11-T-17-00053,,,,,,075FCF7FEA909C160AA779CBBBC2A5B940E5B157
ULN_SBD_1hor_PlatinumHotel,10.150.1.29,11-T-14-00153,,UB_ACCESS,11-T-14-00153,,,,,,1BC8AD1B674E25EB6F8A01AFB0F8DDC1AE5CAA43
ULN_BGD_1hor_2horoolol_68rBair,10.150.1.24,11-T-16-00038,,UB_ACCESS,11-T-16-00038,,,,,,25D58A1D9BF4CC13E749BA6C20A207D717A148AF
ULN_BGD_RailwayDepo,10.150.1.25,11-T-16-00002,,UB_ACCESS,11-T-16-00002,,,,,,84F6D8F738C0ADB0B38B7CB93DA2B171FFB22697
ULN_BGD_RailwayUrtuu,10.150.1.26,11-T-16-00003,,UB_ACCESS,11-T-16-00003,,,,,,852FD2152406E4B407FB36C124D40EDFDA312241
ULN_BZD_1hor_Sansar58bair,10.150.8.10,11-T-13-00011,,UB_ACCESS,11-T-13-00011,,,,,,04E6D463C349E6E52CA322DFFFC7466B15A5636F
ULN_BZD_DariEkh_Skytel,10.150.5.9,11-T-13-00053,,UB_ACCESS,11-T-13-00053,,,,,,B964B61B745E5E730B589E9C82C088DEA0A67470
ULN_BZD_2hor_13/2_GeneralSUH,10.150.8.16,11-T-13-00099,,UB_ACCESS,11-T-13-00099,,,,,,0D6BACD02BB237D86617A069EE0422029F5B5EFC
ULN_BZD_4hor_SelengeHotel,10.150.8.15,11-T-13-00012,,UB_ACCESS,11-T-13-00012,,,,,,48129523CF67DA31E513FEFD8D2F59025A53853C
ULN_BZD_9hor_Sharhad32gudamj_495Hashaa,10.150.10.3,11-T-13-00120,,UB_ACCESS,11-T-13-00120,,,,,,1EBC87E488B531007A2FAEB7FCCE9DC9746C3712
ULN_BZD_17hor_SharhadRTV,10.150.10.4,11-T-13-00055,,UB_ACCESS,11-T-13-00055,,,,,,0782F52068DC22DE386F24717E69031DA4B8260B
ULN_BZD_17hor_DaHureeZah_DiamondTuv,10.150.10.8,11-T-13-00115,,UB_ACCESS,11-T-13-00115,,,,,,AE810BDFA73393382F1E6202ECDAE27D670847AF
ULN_BZD_17hor_SharhadErdeneTolgoi,10.150.8.7,11-T-13-00006,,UB_ACCESS,11-T-13-00006,,,,,,75D8FB8072BC0D71771B0DB950D4A785BFCDAF55
ULN_BZD_19hor_HavtagNuruuLLC,10.150.8.11,11-T-13-00101,,UB_ACCESS,11-T-13-00101,,,,,,287BA4E3387CDA82AA8409B22FCE043621868878
ULN_BZD_8hor_ShineAmgalanHothon_521bair,10.150.8.12,11-T-13-00123,,UB_ACCESS,11-T-13-00123,,,,,,3A7103EAB445371F211A3121A76E002B8533E079
ULN_HUD_NarhanHothon8Bair,10.150.11.3,11-T-17-00014,,UB_ACCESS,11-T-17-00014,,,,,,6C8864D07E195D09E1B22025DFAB14A5C87A2920
ULN_BZD_16hor_Tsaiz,10.150.8.8,11-T-13-00027,,UB_ACCESS,11-T-13-00027,,,,,,1D739D944FD4CD93C0F65D923481704EE4AE75BB
ULN_BZD_18hor_NarantuulZah,10.150.8.9,11-T-13-00009,,UB_ACCESS,11-T-13-00009,,,,,,A065FD5AA23927B878AA7841A8E485649EB75C5B
ULN_CHD_15hor_Hailaast_Unitel/72Surguuli,10.150.5.14,11-T-15-00023,,UB_ACCESS,11-T-15-00023,,,,,,6A514521635A16275ED110815AAB20BDA1F917FF
ULN_BZD_12hor_3BuudalIncozone,10.150.5.11,11-T-14-00025,,UB_ACCESS,11-T-14-00025,,,,,,4BB0E5C36A5C4DD50724B2F185EFD0D63FE0B9E5
ULN_SBD_10hor_AvtoPlaza44Bair,10.150.5.6,11-T-14-00048,,UB_ACCESS,11-T-14-00048,,,,,,0E7B2D9107D63F52A548C0578A441675C6933B2A
ULN_CHD_12hor_Denjiin1000_Skytel,10.150.5.12,11-T-15-00013,,UB_ACCESS,11-T-15-00013,,,,,,97C4E8E810E828361E767CB6F0426CB901E4370B
ULN_SBD_8hor_DashChoilon53bair,10.150.5.13,11-T-14-00024,,UB_ACCESS,11-T-14-00024,,,,,,AAFC39AAABD5B2CC2CDE1F6EB65C4E4683A7A87C
ULN_SBD_8hor_11horoolol_3Bair,10.150.5.5,11-T-14-00041,,UB_ACCESS,11-T-14-00041,,,,,,61274D29D1C1AABC4DAB64B3A4E79ABD3E44458F
ULN_SBD_HugjimBujig12Bair,10.150.5.15,11-T-14-00005,,UB_ACCESS,11-T-14-00005,,,,,,896E3B6639DC8D16748F95E4E0644702959BD606
ULN_SBD_6hor_HuuhdiinUrlanButeeh,10.150.1.33,11-T-14-00001,,UB_ACCESS,11-T-14-00001,,,,,,2111725FEBD77BAA1B4EB3F97A7DE2238911BCFE
ULN_BZD_14hor_SundayPlaza,10.150.8.13,11-T-13-00034,,UB_ACCESS,11-T-13-00034,,,,,,6CA28B2FB379A43F62EFA389600030BF5D925240
ULN_CHD_TDBTuulSalbar,10.150.17.28,11-T-15-00025,,UB_ACCESS,11-T-15-00025,,,,,,B5A454A62EA8C2CC904F44442F5AAE39DB8DE39B
ULN_SHD_GazriinStants,10.150.16.15,11-T-18-00015,,UB_ACCESS,11-T-18-00015,,,,,,ABEB86973CA525C8B99C4CA15C983CDCA20CC3BC
ULN_SHD_14hor_12bair8orts,10.150.16.14,11-T-18-00093,,UB_ACCESS,11-T-18-00093,,,,,,7B7DBA47309FD04599C01A2A33D9A90803545E1D
ULN_HUD_TaigamAltaiOffice,10.150.18.65,11-T-17-00100,,UB_ACCESS,11-T-17-00100,,,,,,93BDACF7BA01F95AEFA78889A0E93BFE9802C764
ULN_SHD_13hor_9Bair,10.150.16.13,11-T-18-00025,,UB_ACCESS,11-T-18-00025,,,,,,C2B7652AF5A017C2275E683A4E3CFC39E188CF79
ULN_SBD_9hor_SangiinYaam80bair,10.150.5.4,11-T-14-00042,,UB_ACCESS,11-T-14-00042,,,,,,A4DFF05E3702D2AE4B51CE356DCA7E67CBDCB10C
ULN_BGD_20hor_HuuhedHugjliinTuv,10.150.23.5,11-T-16-00107,,UB_ACCESS,11-T-16-00107,,,,,,0FBCE98033FBDE60F59AD98C82868BD36AC637C2
ULN_SHD_18hor_ZaluusHoroolol_48Abair,10.150.23.3,11-T-18-00065,,UB_ACCESS,11-T-18-00065,,,,,,02387823412496F95B2E0D0D8D1ECC2087CBBA49
ULN_SHD_20hor_BarilgaSorilShinjilgeeTuv,10.150.23.2,11-T-18-00052,,UB_ACCESS,11-T-18-00052,,,,,,975606F2C11998191AEC7C83870326879237F6A4
ULN_SHD_20hor_NominAguulah,10.150.23.1,11-T-18-00032,,UB_ACCESS,11-T-18-00032,,,,,,915C162FF5B807C1D76D3318E97C1A50C0E940D1
ULN_BGD_20hor_TETs4_TsDUSuljee,10.150.23.4,11-T-16-00019,,UB_ACCESS,11-T-16-00019,,,,,,B3D4386EB67A35834F2C43CA3CB8CE690BC0F3DC
ULN_SHD_20hor_AvtoImpeks,10.8.90.23,11-T-18-00008,,MCN-DISTRIBUTION,11-T-18-00008,,,,,,AD6C24AC655BADE636B37926E06C0965F946A9EE
ULN_SBD_DambadarjaaToosgo,10.150.5.17,11-T-14-00028,,UB_ACCESS,11-T-14-00028,,,,,,7B357942819A9FB712CD69FB88542AC9219C7071
ULN_SBD_15hor_58_surguuli,10.150.5.16,11-T-14-00072,,UB_ACCESS,11-T-14-00072,,,,,,15B56DB140FCB0585D5F7D9DABFD73F067D23048
ULN_SBD_BelhMobi,10.150.5.20,11-T-14-00007,,UB_ACCESS,11-T-14-00007,,,,,,9E967BB69F92622C0E97449CA990B37165590B65
ULN_SBD_20hor_SelhiinAm_SKYTEL,10.150.5.21,11-T-14-00142,,UB_ACCESS,11-T-14-00142,,,,,,A0E71088761BD8FFEC0FEACA17DCCBC56289C47E
ULN_SBD_HadatVillageMobi,10.150.5.19,11-T-14-00103,,UB_ACCESS,11-T-14-00103,,,,,,B03C3468D9D5DC21961F8B6345BFCB66B47F52BE
ULN_SBD_15hor_ShargaMoritZuslan,10.150.5.25,11-T-14-00012,,UB_ACCESS,11-T-14-00012,,,,,,9A7EBD5E94C282A1E4E5850D1692183CCEEFA31A
ULN_CHD_Shadivlan,10.150.5.28,11-T-15-00032,,UB_ACCESS,11-T-15-00032,,,,,,9940B5B89393F5DAB2DB61100F7CA884421FAF2A
ULN_SBD_19hor_GoodoinAm,10.150.5.29,11-T-14-00083,,UB_ACCESS,11-T-14-00083,,,,,,8818A19BC2F0DC8CF4EC1FA51FB426C06D2A274E
ULN_CHD_JigjidZuslan,10.150.5.27,11-T-15-00151,,UB_ACCESS,11-T-15-00151,,,,,,A24AF3520D5F8A7BE8A8471650D4EB3E2E5600E2
ULN_CHD_ChingelteiUul,10.150.5.18,11-T-15-00003,,UB_ACCESS,11-T-15-00003,,,,,,82F05CEE217D7B4CF80687FE21B9978AA16F9BB7
ULN_SBD_Handgait,10.150.5.23,11-T-14-00010,,UB_ACCESS,11-T-14-00010,,,,,,2C2FA969007567F2A205B8261A4ECFC37B388DAB
ULN_SBD_Sanzai,10.150.5.22,11-T-14-00020,,UB_ACCESS,11-T-14-00020,,,,,,CADE4102B4ACE811ECF2353CA0F566E7748E24C2
ULN_CHD_19hor_GuntiinAmniiEhHoidUul,10.150.5.24,11-T-15-00041,,UB_ACCESS,11-T-15-00041,,,,,,531E9B44F7CDC59581F91813AFCD050AA472EE0B
ULN_SHD_21Hor_Argunt_Mobi,10.150.1.37,11-T-18-00092,,UB_ACCESS,11-T-18-00092,,,,,,E7D5EF0763A20E7C1529CFB0F24A4CCBAF321C67
ULN_SHD_PartizanSAA,10.150.1.35,11-T-18-00024,,UB_ACCESS,11-T-18-00024,,,,,,FC455A99161F5BEDFED7B0D6189B99D63660B7C2
TUV_Batsumber_Mobi,10.150.1.39,11-T-41-00090,,UB_ACCESS,11-T-41-00090,,,,,,C12E921EE2EBEDD7B42A080A171FB126680619AD
ULN_SHD_21hor_NogoonTolgoiZurlug,10.150.1.36,11-T-18-00039,,UB_ACCESS,11-T-18-00039,,,,,,3E094D82A77C34E13ABBCAA530709C367A26E35F
TUV_Batsumber_MandalTolgoi,10.150.1.38,11-T-41-00048,,UB_ACCESS,11-T-41-00048,,,,,,97ABF33A07B72826CED235BA2015CBBA31E92E05
ULN_SHD_21hor_361Garam,10.150.1.34,11-T-18-00006,,UB_ACCESS,11-T-18-00006,,,,,,15CD46BDC87606AE4EA6EA9380E9CDD5C08F5924
ULN_SBD_8hor_UlaanbaatarHotel,10.150.22.13,11-T-14-00021,,UB_ACCESS,11-T-14-00021,,,,,,AC084E2CAF066A3807A9709911FB7161DBF60E5C
ULN_SBD_8hor_ShUTIS_NomiinSan,10.150.22.14,11-T-14-00238,,UB_ACCESS,11-T-14-00238,,,,,,33C4AA6C57CE7AC37AD318C44AC341DC47E68D5B
ULN_CHD_TSEG_MShUTuv,10.150.22.3,11-T-15-00039,,UB_ACCESS,11-T-15-00039,,,,,,81DAA32884BA36FB463CB6E9B7A2616C90B9D120
ULN_SBD_8hor_TananTuv,10.150.22.4,11-T-14-00078,,UB_ACCESS,11-T-14-00078,,,,,,E9697AE4724DDB6331A6C6D353E4EB1B9F9C2305
ULN_CHD_4hor_ChingisHaanMuseum,10.150.22.10,11-T-15-00160,,UB_ACCESS,11-T-15-00160,,,,,,143F0BC08357F519D6656C643F00A97253066378
ULN_HUD_15hor_SolongosElchin,10.150.11.4,11-T-17-00101,,UB_ACCESS,11-T-17-00101,,,,,,859D7482673AE59A62F01F7C85D6C1A576F9FBE8
ULN_SBD_8hor_Gallery,10.150.22.7,11-T-14-00155,,UB_ACCESS,11-T-14-00155,,,,,,C14FBAC006501CCE9445BAC96096A81D62468270
ULN_BZD_3hor_SansarSekitei,10.150.22.5,11-T-13-00026,,UB_ACCESS,11-T-13-00026,,,,,,7B0B2F162F141FC623568F67E7C8737DA8DC245B
ULN_SBD_1hor_CityTower,10.150.22.8,11-T-14-00104,,UB_ACCESS,11-T-14-00104,,,,,,50C8A205F8AE29ED07CCAA372D31796210A78A93
ULN_SBD_8hor_CentralTower,10.150.22.9,11-T-46-00039,,UB_ACCESS,11-T-46-00039,,,,,,4C2DF873C224DDC243D2CE3A230337E119637E6E
ULN_BZD_1hor_ChingisHotel,10.150.22.6,11-T-13-00005,,UB_ACCESS,11-T-13-00005,,,,,,A8B831627D3BC913794F2F61C9D5889806E556FB
ULN_BGD_2hor_MUESTO,10.8.90.20,11-T-16-00006,,MCN-DISTRIBUTION,11-T-16-00006,,,,,,2075F43DC2C9EB78B0F84E87AD87D51AE82C4A11
ULN_SBD_6hor_ErdemTower,10.8.90.24,11-T-14-00192,,MCN-DISTRIBUTION,11-T-14-00192,,,,,,22704328AA23A617D105DD297DC60D542C10DFA3
ULN_HUD_IhTengerTsogtsolbor24ail,10.150.1.27,11-T-17-00039,,UB_ACCESS,11-T-17-00039,,,,,,BFB741D7F41FD6FDC7BBB15FCCA0C1A9F6BA1AD8
IhTengerHatantuulHotel,10.150.1.30,11-T-17-00036,,UB_ACCESS,11-T-17-00036,,,,,,20EF7E2AAC37C54827DC19E7E0C394AB5A98171D
ULN_BGD_Railway_Railcom_TX,10.150.1.31,11-T-16-00011,,UB_ACCESS,11-T-16-00011,,,,,,7CDD443A0DF5340DE444D7A2BECCA03FE4B953BA
ULN_CHD_17surguuli,10.150.5.7,11-T-15-00118,,UB_ACCESS,11-T-15-00118,,,,,,CF7A5E7AF9AA12C2667AA10F063338A204577550
MPM-B2F,10.150.11.16,11-T-14-00112,,UB_ACCESS,11-T-14-00112,,,,,,92AD88D4C740AD3096BF49E55160205926583F13
ULN_HUD_ZaisanSeoulRoyalTown307,10.150.18.25,11-T-17-00024,,UB_ACCESS,11-T-17-00024,,,,,,D593D592C27D8241363C6D996DE4089BCF0FE317
ULN_HUD_SeoulRoyalTown311,10.150.18.26,11-T-17-00024,,UB_ACCESS,11-T-17-00024,,,,,,D593D592C27D8241363C6D996DE4089BCF0FE317
ULN_HUD_3hor_MSM,10.150.18.35,11-T-17-00025,,UB_ACCESS,11-T-17-00025,,,,,,8B67C6A9547166FEF43F3AC4DF6B49112F35DB35
ULN_BGD_3hor_BarsZah,10.150.1.40,11-T-16-00132,,UB_ACCESS,11-T-16-00132,,,,,,6252D3D6C4F5A72A32139E360B910D7DF1095E79
ULN_HUD_16hor_BuyantUhaa701Bair,10.150.24.2,11-T-17-00060,,UB_ACCESS,11-T-17-00060,,,,,,002CE5DF69B1B0BA884BFABBF9B15F978D1F74E1
ULN_HUD_8hor_NewYarmagApartment,10.150.24.6,11-T-17-00094,,UB_ACCESS,11-T-17-00094,,,,,,5D6A2E7AAA5B23BE6DC0D494D388B77D31AB483F
Steppe_Arena.6120,10.150.24.7,11-T-17-00216,,UB_ACCESS,11-T-17-00216,,,,,,8C99159C9AF871D91362774146D54E3A0F6594DA
BumanZaluus,10.150.24.3,11-T-17-00165,,UB_ACCESS,11-T-17-00165,,,,,,02DEA235FFBF3030E803B025A8B6324B9036AFB8
ULN_HUD_10hor_BuyantUhaa2_1021bair,10.150.24.4,11-T-17-00080,,UB_ACCESS,11-T-17-00080,,,,,,5F2C44CDDE9A0C5F499D9282617D0F8BC07C5E2A
ULN_HUD_Nisekh66bair,10.150.24.5,11-T-17-00023,,UB_ACCESS,11-T-17-00023,,,,,,A31D047F02614AFEFB599982C8CF063603693701
ULN_HUD_22HOR_Nuramedical_ZTE_IPRAN,10.150.18.68,11-T-17-00242,,UB_ACCESS,11-T-17-00242,,,,,,AECD086A90772EEA58B69C68400BD4EA6865E77B
ULN_HUD_23hor_HangaridCity2_1557Bair,10.150.25.12,11-T-17-00230,,UB_ACCESS,11-T-17-00230,,,,,,E8609F18342FF26498EF17E8BB39E59F9C4F85B8
ULN_HUD_4Hor_NZDTG_Bblock,10.150.25.8,11-T-15-00016,,UB_ACCESS,11-T-15-00016,,,,,,81862A928000E9A71C720802EDDE73CDE55E4B62
ULN_HUD_4hor_ShunshigVilla,10.150.25.13,11-T-17-00185,,UB_ACCESS,11-T-17-00185,,,,,,C8D110699992307D043AFFA64D233BA7DAF014ED
ULN_HUD_4hor_HappyResidence878Bair,10.150.25.14,11-T-17-00196,,UB_ACCESS,11-T-17-00196,,,,,,A4871FFC56500FAD3C321378B2158BC1AC61D42F
ULN_HUD_5hor_41Surguuli,10.150.25.1,11-T-17-00002,,UB_ACCESS,11-T-17-00002,,,,,,4D2352EA961AAE5814AF3A9C3024DFF9C7492776
ULN_HUD_4hor_34school,10.150.25.50,11-T-17-00040,,UB_ACCESS,11-T-17-00040,,,,,,44794F4F297E317EF6DBF51512F56A013B0E4EDB
ULN_HUD_4hor_Puma107Bair,10.150.25.52,11-T-17-00062,,UB_ACCESS,11-T-17-00062,,,,,,A7342FAED5A4AAAA2857F8BD5C2462617131FE95
ULN_HUD_4hor_HunnuMall_B,10.150.25.55,11-T-17-00069,,UB_ACCESS,11-T-17-00069,,,,,,183D4A5A218B44CD26667BC69E7049F82F055614
ULN_HUD_4hor_UnitelDataCenter,10.150.25.53,11-T-17-00075,,UB_ACCESS,11-T-17-00075,,,,,,17E20E97AB5985EE68DCD675704A5B997D3C6F01
ULN_HUD_4hor_HunnuMall_A,10.150.25.54,11-T-17-00069,,UB_ACCESS,11-T-17-00069,,,,,,183D4A5A218B44CD26667BC69E7049F82F055614
ULN_HUD_4hor_FoodCity_Indoor,10.150.25.11,11-T-17-00189,,UB_ACCESS,11-T-17-00189,,,,,,3E1F37306E1206C54DBA499713CE558875606D5F
ULN_HUD_4hor_HanbogdHoroolol405Bair,10.150.25.2,11-T-17-00201,,UB_ACCESS,11-T-17-00201,,,,,,EAD96544E15BB9474D2917340BADCB96E2E872DE
ULN_HUD_4hor_MandalaGarden,10.150.25.15,11-T-17-00192,,UB_ACCESS,11-T-17-00192,,,,,,C941C714B07C451CE48C2DE72584799D36DB3C8B
ULN_HUD_4hor_BelmonteResidence_1228bair,10.150.25.9,11-T-17-00155,,UB_ACCESS,11-T-17-00155,,,,,,0F2CCFA1CCCAEF1801749BA536F1DB496003EADD
ULN_HUD_8hor_ShunshigHothon241Bair,10.150.25.6,11-T-17-00232,,UB_ACCESS,11-T-17-00232,,,,,,F63261204B59D83E69DC4AA40A70EEF4DC01CA2F
ULN_HUD_4hor_VIPresidence476Bair,10.150.25.10,11-T-17-00161,,UB_ACCESS,11-T-17-00161,,,,,,7020CA91939DCF18EE0687E6F7D9E7C81244EC85
ULN_HUD_15hor_VegaCity101Bair,10.150.1.44,11-T-17-00251,,UB_ACCESS,11-T-17-00251,,,,,,00D0824AE225E35CAA4C5EE441D107938043B27D
ULN_HUD_4hor_VivaCityM5Bair,10.150.25.51,11-T-17-00044,,UB_ACCESS,11-T-17-00044,,,,,,32B82604217A8A0CEF18B6EFE5ADFE32F0357261
ULN_HUD_9hor_NisehMobi,10.150.25.56,11-T-17-00003,,UB_ACCESS,11-T-17-00003,,,,,,BCE46D1055589C968FFED1F1127B9EB0C9039632
ULN_HUD_10hor_MorinUul_Gmobile,10.150.25.57,11-T-17-00213,,UB_ACCESS,11-T-17-00213,,,,,,05C1A49CF31999BFD5BBBE54B929C9B0A1A2E3A7
TCB#1-2_AGG#2,10.8.90.102,11-T-15-00065,,MCN-DISTRIBUTION,11-T-15-00065,,,,,,EC8621987AB614F3739CD138C1588CFBD01560B8
ULN_HUD_10hor_Niseh_MIAT_ServerRoom,10.150.25.58,11-T-17-00017,,UB_ACCESS,11-T-17-00017,,,,,,63A4A3973557E29092C514F3699D3B2C63195048
ULN_HUD_10hor_EznisAngariy,10.150.25.59,11-T-17-00054,,UB_ACCESS,11-T-17-00054,,,,,,FD88A9B89C45A2943D5FD8E4FC41FC0C45A0A424
TCB#1-1_AGG#1,10.8.90.101,11-T-15-00065,,MCN-DISTRIBUTION,11-T-15-00065,,,,,,EC8621987AB614F3739CD138C1588CFBD01560B8
ULN_SBD_8Hor_MUBIS_Max,10.150.1.52,11-T-14-00019,,UB_ACCESS,11-T-14-00019,,,,,,C1C93FE4F8E36F7BDA39A89325F8ABDE6B0488E8
ULN_SBD_4hor_Tushig21Bair,10.150.20.18,11-T-14-00015,,UB_ACCESS,11-T-14-00015,,,,,,8520EE99BE80982FB27B7FA84BD13D422705F86E
ULN_HUD_4Hor_NZDTG_Indoor,10.150.25.3,11-T-15-00016,,UB_ACCESS,11-T-15-00016,,,,,,81862A928000E9A71C720802EDDE73CDE55E4B62
ULN_BZD_Sansar2bair_Zuun4zam,10.150.8.14,11-T-13-00015,,UB_ACCESS,11-T-13-00015,,,,,,BAE64EF6E6A44F02DD9A6A6A8706BB4FF71F8D4F
NAD_Holboo_M6K,10.150.21.1,,,,,,,,,,C259E771B237769CB6BCE9A5AB734C576A6DA3E1
ULN_BZD_20hor_Honhor,10.150.21.5,,,,,,,,,,C259E771B237769CB6BCE9A5AB734C576A6DA3E1
ULN_BZD_UrgahNaran,10.150.21.6,,,,,,,,,,C259E771B237769CB6BCE9A5AB734C576A6DA3E1
ULN_NAD_Gorodok_Skytel,10.150.21.4,,,,,,,,,,C259E771B237769CB6BCE9A5AB734C576A6DA3E1
ULN_NAD_EruulMendiinTuv,10.150.21.2,,,,,,,,,,C259E771B237769CB6BCE9A5AB734C576A6DA3E1
ULN_SBD_19hor_HunnuResort,10.150.5.35,,,,,,,,,,C259E771B237769CB6BCE9A5AB734C576A6DA3E1
ULN_SBD_1hor_TDB_CentralOffice,10.150.1.63,,,,,,,,,,C259E771B237769CB6BCE9A5AB734C576A6DA3E1
ULN_BGD_11hor_MUDSurguuli_DotuurBair,10.150.16.18,,,,,,,,,,C259E771B237769CB6BCE9A5AB734C576A6DA3E1
ULN_SBD_1hor_BlueSkyTower,10.150.1.56,,,MCN-ACCESS,,,,,,,7790F46F98FA7F8354954C2693DA0E49E2499D6F
